page,spread,chapter,element,severity,defect,proposed_production_repair,structural_freeze_risk,status
1,1,front/back,frontmatter;heading_text_present,REVIEW,REVIEW_LOW_DENSITY_TOP20;REVIEW_SHORT_BOTTOM_LINE,PENDING VISUAL INSPECTION,DO NOT EDIT FROZEN PROSE OR MOVE FIGURE BEFORE ANCHOR,PENDING_VISUAL
2,2-3,front/back,frontmatter;heading_text_present,REVIEW,REVIEW_LOW_DENSITY_TOP20;REVIEW_SHORT_BOTTOM_LINE;REVIEW_SHORT_TOP_LINE,PENDING VISUAL INSPECTION,DO NOT EDIT FROZEN PROSE OR MOVE FIGURE BEFORE ANCHOR,PENDING_VISUAL
3,2-3,front/back,frontmatter,REVIEW,REVIEW_LOW_DENSITY_TOP20;REVIEW_SHORT_TOP_LINE,PENDING VISUAL INSPECTION,DO NOT EDIT FROZEN PROSE OR MOVE FIGURE BEFORE ANCHOR,PENDING_VISUAL
4,4-5,front/back,frontmatter,REVIEW,REVIEW_LOW_DENSITY_TOP20;REVIEW_SHORT_TOP_LINE,PENDING VISUAL INSPECTION,DO NOT EDIT FROZEN PROSE OR MOVE FIGURE BEFORE ANCHOR,PENDING_VISUAL
5,4-5,front/back,part_candidate;frontmatter;heading_text_present,REVIEW,REVIEW_LOW_DENSITY_TOP20;REVIEW_SHORT_TOP_LINE,PENDING VISUAL INSPECTION,DO NOT EDIT FROZEN PROSE OR MOVE FIGURE BEFORE ANCHOR,PENDING_VISUAL
6,6-7,1,chapter_open;heading_text_present,REVIEW,REVIEW_SHORT_TOP_LINE,PENDING VISUAL INSPECTION,DO NOT EDIT FROZEN PROSE OR MOVE FIGURE BEFORE ANCHOR,PENDING_VISUAL
7,6-7,1,body,REVIEW,REVIEW_SHORT_BOTTOM_LINE;REVIEW_SHORT_TOP_LINE,PENDING VISUAL INSPECTION,DO NOT EDIT FROZEN PROSE OR MOVE FIGURE BEFORE ANCHOR,PENDING_VISUAL
8,8-9,1,figure_02;heading_text_present,REVIEW,REVIEW_SHORT_TOP_LINE,PENDING VISUAL INSPECTION,DO NOT EDIT FROZEN PROSE OR MOVE FIGURE BEFORE ANCHOR,PENDING_VISUAL
9,8-9,1,figure_03;heading_text_present,REVIEW,REVIEW_SHORT_TOP_LINE,PENDING VISUAL INSPECTION,DO NOT EDIT FROZEN PROSE OR MOVE FIGURE BEFORE ANCHOR,PENDING_VISUAL
10,10-11,1,body,REVIEW,P2_HIGH_DENSITY;REVIEW_HIGH_DENSITY_TOP20;REVIEW_SHORT_TOP_LINE,PENDING VISUAL INSPECTION,DO NOT EDIT FROZEN PROSE OR MOVE FIGURE BEFORE ANCHOR,PENDING_VISUAL
11,10-11,1,body,REVIEW,P2_HIGH_DENSITY;REVIEW_HIGH_DENSITY_TOP20;REVIEW_SHORT_BOTTOM_LINE;REVIEW_SHORT_TOP_LINE,PENDING VISUAL INSPECTION,DO NOT EDIT FROZEN PROSE OR MOVE FIGURE BEFORE ANCHOR,PENDING_VISUAL
12,12-13,1,body,REVIEW,P2_HIGH_DENSITY;REVIEW_HIGH_DENSITY_TOP20;REVIEW_SHORT_TOP_LINE,PENDING VISUAL INSPECTION,DO NOT EDIT FROZEN PROSE OR MOVE FIGURE BEFORE ANCHOR,PENDING_VISUAL
13,12-13,1,body,REVIEW,P2_HIGH_DENSITY;REVIEW_SHORT_TOP_LINE,PENDING VISUAL INSPECTION,DO NOT EDIT FROZEN PROSE OR MOVE FIGURE BEFORE ANCHOR,PENDING_VISUAL
14,14-15,1,figure_04;heading_text_present,REVIEW,REVIEW_SHORT_TOP_LINE,PENDING VISUAL INSPECTION,DO NOT EDIT FROZEN PROSE OR MOVE FIGURE BEFORE ANCHOR,PENDING_VISUAL
15,14-15,2,chapter_open;heading_text_present,REVIEW,REVIEW_SHORT_TOP_LINE,PENDING VISUAL INSPECTION,DO NOT EDIT FROZEN PROSE OR MOVE FIGURE BEFORE ANCHOR,PENDING_VISUAL
16,16-17,2,body,REVIEW,REVIEW_SHORT_TOP_LINE,PENDING VISUAL INSPECTION,DO NOT EDIT FROZEN PROSE OR MOVE FIGURE BEFORE ANCHOR,PENDING_VISUAL
17,16-17,2,body,REVIEW,REVIEW_SHORT_TOP_LINE,PENDING VISUAL INSPECTION,DO NOT EDIT FROZEN PROSE OR MOVE FIGURE BEFORE ANCHOR,PENDING_VISUAL
18,18-19,2,figure_05;heading_text_present,REVIEW,REVIEW_SHORT_BOTTOM_LINE;REVIEW_SHORT_TOP_LINE,PENDING VISUAL INSPECTION,DO NOT EDIT FROZEN PROSE OR MOVE FIGURE BEFORE ANCHOR,PENDING_VISUAL
19,18-19,2,body,REVIEW,REVIEW_SHORT_TOP_LINE,PENDING VISUAL INSPECTION,DO NOT EDIT FROZEN PROSE OR MOVE FIGURE BEFORE ANCHOR,PENDING_VISUAL
20,20-21,2,body,REVIEW,REVIEW_SHORT_TOP_LINE,PENDING VISUAL INSPECTION,DO NOT EDIT FROZEN PROSE OR MOVE FIGURE BEFORE ANCHOR,PENDING_VISUAL
21,20-21,2,part_candidate;heading_text_present,REVIEW,REVIEW_LOW_DENSITY_TOP20;REVIEW_SHORT_TOP_LINE,PENDING VISUAL INSPECTION,DO NOT EDIT FROZEN PROSE OR MOVE FIGURE BEFORE ANCHOR,PENDING_VISUAL
22,22-23,2,part_candidate;heading_text_present,REVIEW,REVIEW_LOW_DENSITY_TOP20;REVIEW_SHORT_TOP_LINE,PENDING VISUAL INSPECTION,DO NOT EDIT FROZEN PROSE OR MOVE FIGURE BEFORE ANCHOR,PENDING_VISUAL
23,22-23,3,chapter_open;heading_text_present,REVIEW,REVIEW_SHORT_TOP_LINE,PENDING VISUAL INSPECTION,DO NOT EDIT FROZEN PROSE OR MOVE FIGURE BEFORE ANCHOR,PENDING_VISUAL
24,24-25,3,body,REVIEW,REVIEW_SHORT_TOP_LINE,PENDING VISUAL INSPECTION,DO NOT EDIT FROZEN PROSE OR MOVE FIGURE BEFORE ANCHOR,PENDING_VISUAL
25,24-25,3,figure_06;heading_text_present,REVIEW,REVIEW_SHORT_BOTTOM_LINE;REVIEW_SHORT_TOP_LINE,PENDING VISUAL INSPECTION,DO NOT EDIT FROZEN PROSE OR MOVE FIGURE BEFORE ANCHOR,PENDING_VISUAL
26,26-27,3,body,REVIEW,REVIEW_SHORT_BOTTOM_LINE;REVIEW_SHORT_TOP_LINE,PENDING VISUAL INSPECTION,DO NOT EDIT FROZEN PROSE OR MOVE FIGURE BEFORE ANCHOR,PENDING_VISUAL
27,26-27,3,body,REVIEW,P2_HIGH_DENSITY;REVIEW_HIGH_DENSITY_TOP20;REVIEW_SHORT_TOP_LINE,PENDING VISUAL INSPECTION,DO NOT EDIT FROZEN PROSE OR MOVE FIGURE BEFORE ANCHOR,PENDING_VISUAL
28,28-29,3,body,REVIEW,REVIEW_SHORT_BOTTOM_LINE;REVIEW_SHORT_TOP_LINE,PENDING VISUAL INSPECTION,DO NOT EDIT FROZEN PROSE OR MOVE FIGURE BEFORE ANCHOR,PENDING_VISUAL
29,28-29,4,chapter_open;figure_07;heading_text_present,REVIEW,REVIEW_SHORT_TOP_LINE,PENDING VISUAL INSPECTION,DO NOT EDIT FROZEN PROSE OR MOVE FIGURE BEFORE ANCHOR,PENDING_VISUAL
30,30-31,4,body,REVIEW,P2_HIGH_DENSITY;REVIEW_HIGH_DENSITY_TOP20;REVIEW_SHORT_TOP_LINE,PENDING VISUAL INSPECTION,DO NOT EDIT FROZEN PROSE OR MOVE FIGURE BEFORE ANCHOR,PENDING_VISUAL
31,30-31,4,body,REVIEW,REVIEW_SHORT_TOP_LINE,PENDING VISUAL INSPECTION,DO NOT EDIT FROZEN PROSE OR MOVE FIGURE BEFORE ANCHOR,PENDING_VISUAL
32,32-33,4,body,REVIEW,P2_HIGH_DENSITY;REVIEW_HIGH_DENSITY_TOP20;REVIEW_SHORT_TOP_LINE,PENDING VISUAL INSPECTION,DO NOT EDIT FROZEN PROSE OR MOVE FIGURE BEFORE ANCHOR,PENDING_VISUAL
33,32-33,4,body,REVIEW,REVIEW_SHORT_BOTTOM_LINE;REVIEW_SHORT_TOP_LINE,PENDING VISUAL INSPECTION,DO NOT EDIT FROZEN PROSE OR MOVE FIGURE BEFORE ANCHOR,PENDING_VISUAL
34,34-35,4,body,REVIEW,REVIEW_SHORT_TOP_LINE,PENDING VISUAL INSPECTION,DO NOT EDIT FROZEN PROSE OR MOVE FIGURE BEFORE ANCHOR,PENDING_VISUAL
35,34-35,4,part_candidate;heading_text_present,REVIEW,REVIEW_LOW_DENSITY_TOP20;REVIEW_SHORT_TOP_LINE,PENDING VISUAL INSPECTION,DO NOT EDIT FROZEN PROSE OR MOVE FIGURE BEFORE ANCHOR,PENDING_VISUAL
36,36-37,5,chapter_open;heading_text_present,REVIEW,REVIEW_SHORT_BOTTOM_LINE;REVIEW_SHORT_TOP_LINE,PENDING VISUAL INSPECTION,DO NOT EDIT FROZEN PROSE OR MOVE FIGURE BEFORE ANCHOR,PENDING_VISUAL
37,36-37,5,figure_08;heading_text_present,REVIEW,REVIEW_SHORT_BOTTOM_LINE;REVIEW_SHORT_TOP_LINE,PENDING VISUAL INSPECTION,DO NOT EDIT FROZEN PROSE OR MOVE FIGURE BEFORE ANCHOR,PENDING_VISUAL
38,38-39,5,body,REVIEW,REVIEW_SHORT_TOP_LINE,PENDING VISUAL INSPECTION,DO NOT EDIT FROZEN PROSE OR MOVE FIGURE BEFORE ANCHOR,PENDING_VISUAL
39,38-39,5,body,REVIEW,REVIEW_SHORT_TOP_LINE,PENDING VISUAL INSPECTION,DO NOT EDIT FROZEN PROSE OR MOVE FIGURE BEFORE ANCHOR,PENDING_VISUAL
40,40-41,5,body,REVIEW,REVIEW_SHORT_BOTTOM_LINE;REVIEW_SHORT_TOP_LINE,PENDING VISUAL INSPECTION,DO NOT EDIT FROZEN PROSE OR MOVE FIGURE BEFORE ANCHOR,PENDING_VISUAL
41,40-41,5,body,REVIEW,REVIEW_SHORT_BOTTOM_LINE;REVIEW_SHORT_TOP_LINE,PENDING VISUAL INSPECTION,DO NOT EDIT FROZEN PROSE OR MOVE FIGURE BEFORE ANCHOR,PENDING_VISUAL
42,42-43,5,body,REVIEW,REVIEW_LOW_DENSITY_TOP20;REVIEW_SHORT_TOP_LINE,PENDING VISUAL INSPECTION,DO NOT EDIT FROZEN PROSE OR MOVE FIGURE BEFORE ANCHOR,PENDING_VISUAL
43,42-43,6,chapter_open;figure_09;heading_text_present,REVIEW,REVIEW_SHORT_TOP_LINE,PENDING VISUAL INSPECTION,DO NOT EDIT FROZEN PROSE OR MOVE FIGURE BEFORE ANCHOR,PENDING_VISUAL
44,44-45,6,body,REVIEW,REVIEW_SHORT_BOTTOM_LINE;REVIEW_SHORT_TOP_LINE,PENDING VISUAL INSPECTION,DO NOT EDIT FROZEN PROSE OR MOVE FIGURE BEFORE ANCHOR,PENDING_VISUAL
45,44-45,6,body,REVIEW,REVIEW_SHORT_TOP_LINE,PENDING VISUAL INSPECTION,DO NOT EDIT FROZEN PROSE OR MOVE FIGURE BEFORE ANCHOR,PENDING_VISUAL
46,46-47,6,body,REVIEW,REVIEW_SHORT_TOP_LINE,PENDING VISUAL INSPECTION,DO NOT EDIT FROZEN PROSE OR MOVE FIGURE BEFORE ANCHOR,PENDING_VISUAL
47,46-47,6,body,REVIEW,REVIEW_SHORT_TOP_LINE,PENDING VISUAL INSPECTION,DO NOT EDIT FROZEN PROSE OR MOVE FIGURE BEFORE ANCHOR,PENDING_VISUAL
48,48-49,6,body,REVIEW,REVIEW_SHORT_TOP_LINE,PENDING VISUAL INSPECTION,DO NOT EDIT FROZEN PROSE OR MOVE FIGURE BEFORE ANCHOR,PENDING_VISUAL
49,48-49,6,body,REVIEW,REVIEW_SHORT_TOP_LINE,PENDING VISUAL INSPECTION,DO NOT EDIT FROZEN PROSE OR MOVE FIGURE BEFORE ANCHOR,PENDING_VISUAL
50,50-51,6,body,REVIEW,REVIEW_SHORT_BOTTOM_LINE;REVIEW_SHORT_TOP_LINE,PENDING VISUAL INSPECTION,DO NOT EDIT FROZEN PROSE OR MOVE FIGURE BEFORE ANCHOR,PENDING_VISUAL
51,50-51,6,part_candidate;heading_text_present,REVIEW,REVIEW_LOW_DENSITY_TOP20;REVIEW_SHORT_TOP_LINE,PENDING VISUAL INSPECTION,DO NOT EDIT FROZEN PROSE OR MOVE FIGURE BEFORE ANCHOR,PENDING_VISUAL
52,52-53,6,part_candidate;heading_text_present,REVIEW,REVIEW_LOW_DENSITY_TOP20;REVIEW_SHORT_TOP_LINE,PENDING VISUAL INSPECTION,DO NOT EDIT FROZEN PROSE OR MOVE FIGURE BEFORE ANCHOR,PENDING_VISUAL
53,52-53,7,chapter_open;heading_text_present,REVIEW,REVIEW_SHORT_TOP_LINE,PENDING VISUAL INSPECTION,DO NOT EDIT FROZEN PROSE OR MOVE FIGURE BEFORE ANCHOR,PENDING_VISUAL
54,54-55,7,body,REVIEW,P2_HIGH_DENSITY;REVIEW_HIGH_DENSITY_TOP20;REVIEW_SHORT_TOP_LINE,PENDING VISUAL INSPECTION,DO NOT EDIT FROZEN PROSE OR MOVE FIGURE BEFORE ANCHOR,PENDING_VISUAL
55,54-55,7,body,REVIEW,P2_HIGH_DENSITY;REVIEW_HIGH_DENSITY_TOP20;REVIEW_SHORT_TOP_LINE,PENDING VISUAL INSPECTION,DO NOT EDIT FROZEN PROSE OR MOVE FIGURE BEFORE ANCHOR,PENDING_VISUAL
56,56-57,7,body,REVIEW,P2_HIGH_DENSITY;REVIEW_HIGH_DENSITY_TOP20;REVIEW_SHORT_TOP_LINE,PENDING VISUAL INSPECTION,DO NOT EDIT FROZEN PROSE OR MOVE FIGURE BEFORE ANCHOR,PENDING_VISUAL
57,56-57,7,heading_text_present,REVIEW,P2_HIGH_DENSITY;REVIEW_HIGH_DENSITY_TOP20;REVIEW_SHORT_TOP_LINE,PENDING VISUAL INSPECTION,DO NOT EDIT FROZEN PROSE OR MOVE FIGURE BEFORE ANCHOR,PENDING_VISUAL
58,58-59,7,body,REVIEW,REVIEW_SHORT_TOP_LINE,PENDING VISUAL INSPECTION,DO NOT EDIT FROZEN PROSE OR MOVE FIGURE BEFORE ANCHOR,PENDING_VISUAL
59,58-59,7,body,REVIEW,P2_HIGH_DENSITY;REVIEW_HIGH_DENSITY_TOP20;REVIEW_SHORT_BOTTOM_LINE;REVIEW_SHORT_TOP_LINE,PENDING VISUAL INSPECTION,DO NOT EDIT FROZEN PROSE OR MOVE FIGURE BEFORE ANCHOR,PENDING_VISUAL
60,60-61,7,body,REVIEW,REVIEW_SHORT_TOP_LINE,PENDING VISUAL INSPECTION,DO NOT EDIT FROZEN PROSE OR MOVE FIGURE BEFORE ANCHOR,PENDING_VISUAL
61,60-61,7,body,REVIEW,REVIEW_SHORT_BOTTOM_LINE;REVIEW_SHORT_TOP_LINE,PENDING VISUAL INSPECTION,DO NOT EDIT FROZEN PROSE OR MOVE FIGURE BEFORE ANCHOR,PENDING_VISUAL
62,62-63,7,body,REVIEW,REVIEW_SHORT_BOTTOM_LINE;REVIEW_SHORT_TOP_LINE,PENDING VISUAL INSPECTION,DO NOT EDIT FROZEN PROSE OR MOVE FIGURE BEFORE ANCHOR,PENDING_VISUAL
63,62-63,7,body,REVIEW,REVIEW_LOW_DENSITY_TOP20;REVIEW_SHORT_BOTTOM_LINE;REVIEW_SHORT_TOP_LINE,PENDING VISUAL INSPECTION,DO NOT EDIT FROZEN PROSE OR MOVE FIGURE BEFORE ANCHOR,PENDING_VISUAL
64,64-65,8,chapter_open;heading_text_present,REVIEW,REVIEW_SHORT_BOTTOM_LINE;REVIEW_SHORT_TOP_LINE,PENDING VISUAL INSPECTION,DO NOT EDIT FROZEN PROSE OR MOVE FIGURE BEFORE ANCHOR,PENDING_VISUAL
65,64-65,8,body,REVIEW,P2_HIGH_DENSITY;REVIEW_HIGH_DENSITY_TOP20;REVIEW_SHORT_TOP_LINE,PENDING VISUAL INSPECTION,DO NOT EDIT FROZEN PROSE OR MOVE FIGURE BEFORE ANCHOR,PENDING_VISUAL
66,66-67,8,body,REVIEW,P2_HIGH_DENSITY;REVIEW_HIGH_DENSITY_TOP20;REVIEW_SHORT_TOP_LINE,PENDING VISUAL INSPECTION,DO NOT EDIT FROZEN PROSE OR MOVE FIGURE BEFORE ANCHOR,PENDING_VISUAL
67,66-67,8,body,REVIEW,REVIEW_SHORT_BOTTOM_LINE;REVIEW_SHORT_TOP_LINE,PENDING VISUAL INSPECTION,DO NOT EDIT FROZEN PROSE OR MOVE FIGURE BEFORE ANCHOR,PENDING_VISUAL
68,68-69,8,figure_10;heading_text_present,REVIEW,REVIEW_SHORT_TOP_LINE,PENDING VISUAL INSPECTION,DO NOT EDIT FROZEN PROSE OR MOVE FIGURE BEFORE ANCHOR,PENDING_VISUAL
69,68-69,8,body,REVIEW,REVIEW_SHORT_TOP_LINE,PENDING VISUAL INSPECTION,DO NOT EDIT FROZEN PROSE OR MOVE FIGURE BEFORE ANCHOR,PENDING_VISUAL
70,70-71,8,heading_text_present,REVIEW,REVIEW_SHORT_TOP_LINE,PENDING VISUAL INSPECTION,DO NOT EDIT FROZEN PROSE OR MOVE FIGURE BEFORE ANCHOR,PENDING_VISUAL
71,70-71,8,body,REVIEW,P2_HIGH_DENSITY;REVIEW_SHORT_TOP_LINE,PENDING VISUAL INSPECTION,DO NOT EDIT FROZEN PROSE OR MOVE FIGURE BEFORE ANCHOR,PENDING_VISUAL
72,72-73,8,body,REVIEW,REVIEW_SHORT_TOP_LINE,PENDING VISUAL INSPECTION,DO NOT EDIT FROZEN PROSE OR MOVE FIGURE BEFORE ANCHOR,PENDING_VISUAL
73,72-73,8,body,REVIEW,REVIEW_SHORT_TOP_LINE,PENDING VISUAL INSPECTION,DO NOT EDIT FROZEN PROSE OR MOVE FIGURE BEFORE ANCHOR,PENDING_VISUAL
74,74-75,8,body,REVIEW,REVIEW_SHORT_TOP_LINE,PENDING VISUAL INSPECTION,DO NOT EDIT FROZEN PROSE OR MOVE FIGURE BEFORE ANCHOR,PENDING_VISUAL
75,74-75,8,body,REVIEW,REVIEW_LOW_DENSITY_TOP20;REVIEW_SHORT_BOTTOM_LINE;REVIEW_SHORT_TOP_LINE,PENDING VISUAL INSPECTION,DO NOT EDIT FROZEN PROSE OR MOVE FIGURE BEFORE ANCHOR,PENDING_VISUAL
76,76-77,9,chapter_open;heading_text_present,REVIEW,REVIEW_SHORT_TOP_LINE,PENDING VISUAL INSPECTION,DO NOT EDIT FROZEN PROSE OR MOVE FIGURE BEFORE ANCHOR,PENDING_VISUAL
77,76-77,9,heading_text_present,REVIEW,REVIEW_SHORT_TOP_LINE,PENDING VISUAL INSPECTION,DO NOT EDIT FROZEN PROSE OR MOVE FIGURE BEFORE ANCHOR,PENDING_VISUAL
78,78-79,9,body,REVIEW,REVIEW_SHORT_TOP_LINE,PENDING VISUAL INSPECTION,DO NOT EDIT FROZEN PROSE OR MOVE FIGURE BEFORE ANCHOR,PENDING_VISUAL
79,78-79,9,body,REVIEW,REVIEW_SHORT_TOP_LINE,PENDING VISUAL INSPECTION,DO NOT EDIT FROZEN PROSE OR MOVE FIGURE BEFORE ANCHOR,PENDING_VISUAL
80,80-81,9,body,REVIEW,REVIEW_SHORT_TOP_LINE,PENDING VISUAL INSPECTION,DO NOT EDIT FROZEN PROSE OR MOVE FIGURE BEFORE ANCHOR,PENDING_VISUAL
81,80-81,9,heading_text_present,REVIEW,REVIEW_SHORT_TOP_LINE,PENDING VISUAL INSPECTION,DO NOT EDIT FROZEN PROSE OR MOVE FIGURE BEFORE ANCHOR,PENDING_VISUAL
82,82-83,9,body,REVIEW,REVIEW_SHORT_TOP_LINE,PENDING VISUAL INSPECTION,DO NOT EDIT FROZEN PROSE OR MOVE FIGURE BEFORE ANCHOR,PENDING_VISUAL
83,82-83,9,body,REVIEW,REVIEW_SHORT_BOTTOM_LINE;REVIEW_SHORT_TOP_LINE,PENDING VISUAL INSPECTION,DO NOT EDIT FROZEN PROSE OR MOVE FIGURE BEFORE ANCHOR,PENDING_VISUAL
84,84-85,9,body,REVIEW,REVIEW_SHORT_TOP_LINE,PENDING VISUAL INSPECTION,DO NOT EDIT FROZEN PROSE OR MOVE FIGURE BEFORE ANCHOR,PENDING_VISUAL
85,84-85,9,figure_11;heading_text_present,REVIEW,REVIEW_SHORT_TOP_LINE,PENDING VISUAL INSPECTION,DO NOT EDIT FROZEN PROSE OR MOVE FIGURE BEFORE ANCHOR,PENDING_VISUAL
86,86-87,9,body,REVIEW,REVIEW_LOW_DENSITY_TOP20;REVIEW_SHORT_TOP_LINE,PENDING VISUAL INSPECTION,DO NOT EDIT FROZEN PROSE OR MOVE FIGURE BEFORE ANCHOR,PENDING_VISUAL
87,86-87,10,chapter_open;heading_text_present,REVIEW,REVIEW_SHORT_TOP_LINE,PENDING VISUAL INSPECTION,DO NOT EDIT FROZEN PROSE OR MOVE FIGURE BEFORE ANCHOR,PENDING_VISUAL
88,88-89,10,body,REVIEW,REVIEW_SHORT_TOP_LINE,PENDING VISUAL INSPECTION,DO NOT EDIT FROZEN PROSE OR MOVE FIGURE BEFORE ANCHOR,PENDING_VISUAL
89,88-89,10,heading_text_present,REVIEW,REVIEW_SHORT_TOP_LINE,PENDING VISUAL INSPECTION,DO NOT EDIT FROZEN PROSE OR MOVE FIGURE BEFORE ANCHOR,PENDING_VISUAL
90,90-91,10,body,REVIEW,REVIEW_SHORT_BOTTOM_LINE;REVIEW_SHORT_TOP_LINE,PENDING VISUAL INSPECTION,DO NOT EDIT FROZEN PROSE OR MOVE FIGURE BEFORE ANCHOR,PENDING_VISUAL
91,90-91,10,figure_12;heading_text_present,REVIEW,REVIEW_SHORT_TOP_LINE,PENDING VISUAL INSPECTION,DO NOT EDIT FROZEN PROSE OR MOVE FIGURE BEFORE ANCHOR,PENDING_VISUAL
92,92-93,10,heading_text_present,REVIEW,REVIEW_SHORT_TOP_LINE,PENDING VISUAL INSPECTION,DO NOT EDIT FROZEN PROSE OR MOVE FIGURE BEFORE ANCHOR,PENDING_VISUAL
93,92-93,10,body,REVIEW,REVIEW_SHORT_BOTTOM_LINE;REVIEW_SHORT_TOP_LINE,PENDING VISUAL INSPECTION,DO NOT EDIT FROZEN PROSE OR MOVE FIGURE BEFORE ANCHOR,PENDING_VISUAL
94,94-95,10,body,REVIEW,REVIEW_SHORT_TOP_LINE,PENDING VISUAL INSPECTION,DO NOT EDIT FROZEN PROSE OR MOVE FIGURE BEFORE ANCHOR,PENDING_VISUAL
95,94-95,10,body,REVIEW,REVIEW_SHORT_TOP_LINE,PENDING VISUAL INSPECTION,DO NOT EDIT FROZEN PROSE OR MOVE FIGURE BEFORE ANCHOR,PENDING_VISUAL
96,96-97,10,body,REVIEW,REVIEW_SHORT_TOP_LINE,PENDING VISUAL INSPECTION,DO NOT EDIT FROZEN PROSE OR MOVE FIGURE BEFORE ANCHOR,PENDING_VISUAL
97,96-97,10,body,REVIEW,REVIEW_SHORT_TOP_LINE,PENDING VISUAL INSPECTION,DO NOT EDIT FROZEN PROSE OR MOVE FIGURE BEFORE ANCHOR,PENDING_VISUAL
98,98-99,10,body,REVIEW,REVIEW_SHORT_BOTTOM_LINE;REVIEW_SHORT_TOP_LINE,PENDING VISUAL INSPECTION,DO NOT EDIT FROZEN PROSE OR MOVE FIGURE BEFORE ANCHOR,PENDING_VISUAL
99,98-99,10,part_candidate;heading_text_present,REVIEW,REVIEW_LOW_DENSITY_TOP20;REVIEW_SHORT_BOTTOM_LINE;REVIEW_SHORT_TOP_LINE,PENDING VISUAL INSPECTION,DO NOT EDIT FROZEN PROSE OR MOVE FIGURE BEFORE ANCHOR,PENDING_VISUAL
100,100-101,11,chapter_open;heading_text_present,REVIEW,REVIEW_SHORT_BOTTOM_LINE;REVIEW_SHORT_TOP_LINE,PENDING VISUAL INSPECTION,DO NOT EDIT FROZEN PROSE OR MOVE FIGURE BEFORE ANCHOR,PENDING_VISUAL
101,100-101,11,body,REVIEW,REVIEW_SHORT_TOP_LINE,PENDING VISUAL INSPECTION,DO NOT EDIT FROZEN PROSE OR MOVE FIGURE BEFORE ANCHOR,PENDING_VISUAL
102,102-103,11,heading_text_present,REVIEW,REVIEW_SHORT_TOP_LINE,PENDING VISUAL INSPECTION,DO NOT EDIT FROZEN PROSE OR MOVE FIGURE BEFORE ANCHOR,PENDING_VISUAL
103,102-103,11,heading_text_present,REVIEW,REVIEW_SHORT_BOTTOM_LINE;REVIEW_SHORT_TOP_LINE,PENDING VISUAL INSPECTION,DO NOT EDIT FROZEN PROSE OR MOVE FIGURE BEFORE ANCHOR,PENDING_VISUAL
104,104-105,11,heading_text_present,REVIEW,REVIEW_SHORT_TOP_LINE,PENDING VISUAL INSPECTION,DO NOT EDIT FROZEN PROSE OR MOVE FIGURE BEFORE ANCHOR,PENDING_VISUAL
105,104-105,11,body,REVIEW,REVIEW_SHORT_TOP_LINE,PENDING VISUAL INSPECTION,DO NOT EDIT FROZEN PROSE OR MOVE FIGURE BEFORE ANCHOR,PENDING_VISUAL
106,106-107,11,body,REVIEW,REVIEW_SHORT_TOP_LINE,PENDING VISUAL INSPECTION,DO NOT EDIT FROZEN PROSE OR MOVE FIGURE BEFORE ANCHOR,PENDING_VISUAL
107,106-107,11,body,REVIEW,REVIEW_SHORT_TOP_LINE,PENDING VISUAL INSPECTION,DO NOT EDIT FROZEN PROSE OR MOVE FIGURE BEFORE ANCHOR,PENDING_VISUAL
108,108-109,11,body,REVIEW,REVIEW_SHORT_TOP_LINE,PENDING VISUAL INSPECTION,DO NOT EDIT FROZEN PROSE OR MOVE FIGURE BEFORE ANCHOR,PENDING_VISUAL
109,108-109,11,figure_13;heading_text_present,REVIEW,REVIEW_SHORT_TOP_LINE,PENDING VISUAL INSPECTION,DO NOT EDIT FROZEN PROSE OR MOVE FIGURE BEFORE ANCHOR,PENDING_VISUAL
110,110-111,12,chapter_open;heading_text_present,REVIEW,REVIEW_SHORT_TOP_LINE,PENDING VISUAL INSPECTION,DO NOT EDIT FROZEN PROSE OR MOVE FIGURE BEFORE ANCHOR,PENDING_VISUAL
111,110-111,12,heading_text_present,REVIEW,REVIEW_SHORT_TOP_LINE,PENDING VISUAL INSPECTION,DO NOT EDIT FROZEN PROSE OR MOVE FIGURE BEFORE ANCHOR,PENDING_VISUAL
112,112-113,12,body,REVIEW,REVIEW_SHORT_BOTTOM_LINE;REVIEW_SHORT_TOP_LINE,PENDING VISUAL INSPECTION,DO NOT EDIT FROZEN PROSE OR MOVE FIGURE BEFORE ANCHOR,PENDING_VISUAL
113,112-113,12,figure_14;heading_text_present,REVIEW,REVIEW_SHORT_TOP_LINE,PENDING VISUAL INSPECTION,DO NOT EDIT FROZEN PROSE OR MOVE FIGURE BEFORE ANCHOR,PENDING_VISUAL
114,114-115,12,heading_text_present,REVIEW,REVIEW_SHORT_BOTTOM_LINE;REVIEW_SHORT_TOP_LINE,PENDING VISUAL INSPECTION,DO NOT EDIT FROZEN PROSE OR MOVE FIGURE BEFORE ANCHOR,PENDING_VISUAL
115,114-115,12,body,REVIEW,REVIEW_SHORT_TOP_LINE,PENDING VISUAL INSPECTION,DO NOT EDIT FROZEN PROSE OR MOVE FIGURE BEFORE ANCHOR,PENDING_VISUAL
116,116-117,12,body,REVIEW,REVIEW_SHORT_TOP_LINE,PENDING VISUAL INSPECTION,DO NOT EDIT FROZEN PROSE OR MOVE FIGURE BEFORE ANCHOR,PENDING_VISUAL
117,116-117,12,body,REVIEW,REVIEW_SHORT_TOP_LINE,PENDING VISUAL INSPECTION,DO NOT EDIT FROZEN PROSE OR MOVE FIGURE BEFORE ANCHOR,PENDING_VISUAL
118,118-119,12,body,REVIEW,REVIEW_SHORT_TOP_LINE,PENDING VISUAL INSPECTION,DO NOT EDIT FROZEN PROSE OR MOVE FIGURE BEFORE ANCHOR,PENDING_VISUAL
119,118-119,12,body,REVIEW,P2_HIGH_DENSITY;REVIEW_HIGH_DENSITY_TOP20;REVIEW_SHORT_TOP_LINE,PENDING VISUAL INSPECTION,DO NOT EDIT FROZEN PROSE OR MOVE FIGURE BEFORE ANCHOR,PENDING_VISUAL
120,120-121,12,body,REVIEW,REVIEW_SHORT_TOP_LINE,PENDING VISUAL INSPECTION,DO NOT EDIT FROZEN PROSE OR MOVE FIGURE BEFORE ANCHOR,PENDING_VISUAL
121,120-121,12,body,REVIEW,REVIEW_SHORT_BOTTOM_LINE;REVIEW_SHORT_TOP_LINE,PENDING VISUAL INSPECTION,DO NOT EDIT FROZEN PROSE OR MOVE FIGURE BEFORE ANCHOR,PENDING_VISUAL
122,122-123,12,body,REVIEW,P2_SPARSE_UNCLASSIFIED;REVIEW_LOW_DENSITY_TOP20;REVIEW_SHORT_TOP_LINE,PENDING VISUAL INSPECTION,DO NOT EDIT FROZEN PROSE OR MOVE FIGURE BEFORE ANCHOR,PENDING_VISUAL
123,122-123,12,part_candidate;heading_text_present,REVIEW,REVIEW_LOW_DENSITY_TOP20;REVIEW_SHORT_BOTTOM_LINE;REVIEW_SHORT_TOP_LINE,PENDING VISUAL INSPECTION,DO NOT EDIT FROZEN PROSE OR MOVE FIGURE BEFORE ANCHOR,PENDING_VISUAL
124,124-125,13,chapter_open;heading_text_present,REVIEW,REVIEW_SHORT_TOP_LINE,PENDING VISUAL INSPECTION,DO NOT EDIT FROZEN PROSE OR MOVE FIGURE BEFORE ANCHOR,PENDING_VISUAL
125,124-125,13,heading_text_present,REVIEW,REVIEW_SHORT_TOP_LINE,PENDING VISUAL INSPECTION,DO NOT EDIT FROZEN PROSE OR MOVE FIGURE BEFORE ANCHOR,PENDING_VISUAL
126,126-127,13,heading_text_present,REVIEW,REVIEW_SHORT_TOP_LINE,PENDING VISUAL INSPECTION,DO NOT EDIT FROZEN PROSE OR MOVE FIGURE BEFORE ANCHOR,PENDING_VISUAL
127,126-127,13,body,REVIEW,REVIEW_SHORT_BOTTOM_LINE;REVIEW_SHORT_TOP_LINE,PENDING VISUAL INSPECTION,DO NOT EDIT FROZEN PROSE OR MOVE FIGURE BEFORE ANCHOR,PENDING_VISUAL
128,128-129,13,body,REVIEW,REVIEW_SHORT_BOTTOM_LINE;REVIEW_SHORT_TOP_LINE,PENDING VISUAL INSPECTION,DO NOT EDIT FROZEN PROSE OR MOVE FIGURE BEFORE ANCHOR,PENDING_VISUAL
129,128-129,13,heading_text_present,REVIEW,REVIEW_SHORT_TOP_LINE,PENDING VISUAL INSPECTION,DO NOT EDIT FROZEN PROSE OR MOVE FIGURE BEFORE ANCHOR,PENDING_VISUAL
130,130-131,13,body,REVIEW,REVIEW_SHORT_BOTTOM_LINE;REVIEW_SHORT_TOP_LINE,PENDING VISUAL INSPECTION,DO NOT EDIT FROZEN PROSE OR MOVE FIGURE BEFORE ANCHOR,PENDING_VISUAL
131,130-131,13,body,REVIEW,REVIEW_SHORT_TOP_LINE,PENDING VISUAL INSPECTION,DO NOT EDIT FROZEN PROSE OR MOVE FIGURE BEFORE ANCHOR,PENDING_VISUAL
132,132-133,13,body,REVIEW,REVIEW_SHORT_BOTTOM_LINE;REVIEW_SHORT_TOP_LINE,PENDING VISUAL INSPECTION,DO NOT EDIT FROZEN PROSE OR MOVE FIGURE BEFORE ANCHOR,PENDING_VISUAL
133,132-133,13,body,REVIEW,REVIEW_SHORT_TOP_LINE,PENDING VISUAL INSPECTION,DO NOT EDIT FROZEN PROSE OR MOVE FIGURE BEFORE ANCHOR,PENDING_VISUAL
134,134-135,13,body,REVIEW,P2_SPARSE_UNCLASSIFIED;REVIEW_LOW_DENSITY_TOP20;REVIEW_SHORT_BOTTOM_LINE;REVIEW_SHORT_TOP_LINE,PENDING VISUAL INSPECTION,DO NOT EDIT FROZEN PROSE OR MOVE FIGURE BEFORE ANCHOR,PENDING_VISUAL
135,134-135,14,chapter_open;heading_text_present,REVIEW,REVIEW_SHORT_BOTTOM_LINE;REVIEW_SHORT_TOP_LINE,PENDING VISUAL INSPECTION,DO NOT EDIT FROZEN PROSE OR MOVE FIGURE BEFORE ANCHOR,PENDING_VISUAL
136,136-137,14,heading_text_present,REVIEW,REVIEW_SHORT_BOTTOM_LINE;REVIEW_SHORT_TOP_LINE,PENDING VISUAL INSPECTION,DO NOT EDIT FROZEN PROSE OR MOVE FIGURE BEFORE ANCHOR,PENDING_VISUAL
137,136-137,14,body,REVIEW,REVIEW_SHORT_BOTTOM_LINE;REVIEW_SHORT_TOP_LINE,PENDING VISUAL INSPECTION,DO NOT EDIT FROZEN PROSE OR MOVE FIGURE BEFORE ANCHOR,PENDING_VISUAL
138,138-139,14,body,REVIEW,REVIEW_SHORT_TOP_LINE,PENDING VISUAL INSPECTION,DO NOT EDIT FROZEN PROSE OR MOVE FIGURE BEFORE ANCHOR,PENDING_VISUAL
139,138-139,14,heading_text_present,REVIEW,REVIEW_SHORT_BOTTOM_LINE;REVIEW_SHORT_TOP_LINE,PENDING VISUAL INSPECTION,DO NOT EDIT FROZEN PROSE OR MOVE FIGURE BEFORE ANCHOR,PENDING_VISUAL
140,140-141,14,body,REVIEW,REVIEW_SHORT_TOP_LINE,PENDING VISUAL INSPECTION,DO NOT EDIT FROZEN PROSE OR MOVE FIGURE BEFORE ANCHOR,PENDING_VISUAL
141,140-141,14,heading_text_present,REVIEW,REVIEW_SHORT_BOTTOM_LINE;REVIEW_SHORT_TOP_LINE,PENDING VISUAL INSPECTION,DO NOT EDIT FROZEN PROSE OR MOVE FIGURE BEFORE ANCHOR,PENDING_VISUAL
142,142-143,14,body,REVIEW,REVIEW_SHORT_BOTTOM_LINE;REVIEW_SHORT_TOP_LINE,PENDING VISUAL INSPECTION,DO NOT EDIT FROZEN PROSE OR MOVE FIGURE BEFORE ANCHOR,PENDING_VISUAL
143,142-143,14,body,REVIEW,REVIEW_SHORT_TOP_LINE,PENDING VISUAL INSPECTION,DO NOT EDIT FROZEN PROSE OR MOVE FIGURE BEFORE ANCHOR,PENDING_VISUAL
144,144-145,14,body,REVIEW,REVIEW_SHORT_TOP_LINE,PENDING VISUAL INSPECTION,DO NOT EDIT FROZEN PROSE OR MOVE FIGURE BEFORE ANCHOR,PENDING_VISUAL
145,144-145,15,chapter_open;heading_text_present,REVIEW,REVIEW_SHORT_BOTTOM_LINE;REVIEW_SHORT_TOP_LINE,PENDING VISUAL INSPECTION,DO NOT EDIT FROZEN PROSE OR MOVE FIGURE BEFORE ANCHOR,PENDING_VISUAL
146,146-147,15,body,REVIEW,REVIEW_SHORT_TOP_LINE,PENDING VISUAL INSPECTION,DO NOT EDIT FROZEN PROSE OR MOVE FIGURE BEFORE ANCHOR,PENDING_VISUAL
147,146-147,15,heading_text_present,REVIEW,REVIEW_SHORT_BOTTOM_LINE;REVIEW_SHORT_TOP_LINE,PENDING VISUAL INSPECTION,DO NOT EDIT FROZEN PROSE OR MOVE FIGURE BEFORE ANCHOR,PENDING_VISUAL
148,148-149,15,heading_text_present,REVIEW,REVIEW_SHORT_BOTTOM_LINE;REVIEW_SHORT_TOP_LINE,PENDING VISUAL INSPECTION,DO NOT EDIT FROZEN PROSE OR MOVE FIGURE BEFORE ANCHOR,PENDING_VISUAL
149,148-149,15,body,REVIEW,REVIEW_SHORT_BOTTOM_LINE;REVIEW_SHORT_TOP_LINE,PENDING VISUAL INSPECTION,DO NOT EDIT FROZEN PROSE OR MOVE FIGURE BEFORE ANCHOR,PENDING_VISUAL
150,150-151,15,body,REVIEW,REVIEW_SHORT_BOTTOM_LINE;REVIEW_SHORT_TOP_LINE,PENDING VISUAL INSPECTION,DO NOT EDIT FROZEN PROSE OR MOVE FIGURE BEFORE ANCHOR,PENDING_VISUAL
151,150-151,15,body,REVIEW,REVIEW_SHORT_TOP_LINE,PENDING VISUAL INSPECTION,DO NOT EDIT FROZEN PROSE OR MOVE FIGURE BEFORE ANCHOR,PENDING_VISUAL
152,152-153,15,body,REVIEW,REVIEW_SHORT_BOTTOM_LINE;REVIEW_SHORT_TOP_LINE,PENDING VISUAL INSPECTION,DO NOT EDIT FROZEN PROSE OR MOVE FIGURE BEFORE ANCHOR,PENDING_VISUAL
153,152-153,15,figure_15;heading_text_present,REVIEW,REVIEW_SHORT_TOP_LINE,PENDING VISUAL INSPECTION,DO NOT EDIT FROZEN PROSE OR MOVE FIGURE BEFORE ANCHOR,PENDING_VISUAL
154,154-155,15,body,REVIEW,REVIEW_SHORT_TOP_LINE,PENDING VISUAL INSPECTION,DO NOT EDIT FROZEN PROSE OR MOVE FIGURE BEFORE ANCHOR,PENDING_VISUAL
155,154-155,16,chapter_open;heading_text_present,REVIEW,REVIEW_SHORT_TOP_LINE,PENDING VISUAL INSPECTION,DO NOT EDIT FROZEN PROSE OR MOVE FIGURE BEFORE ANCHOR,PENDING_VISUAL
156,156-157,16,body,REVIEW,REVIEW_SHORT_TOP_LINE,PENDING VISUAL INSPECTION,DO NOT EDIT FROZEN PROSE OR MOVE FIGURE BEFORE ANCHOR,PENDING_VISUAL
157,156-157,16,body,REVIEW,P2_HIGH_DENSITY;REVIEW_HIGH_DENSITY_TOP20;REVIEW_SHORT_BOTTOM_LINE;REVIEW_SHORT_TOP_LINE,PENDING VISUAL INSPECTION,DO NOT EDIT FROZEN PROSE OR MOVE FIGURE BEFORE ANCHOR,PENDING_VISUAL
158,158-159,16,body,REVIEW,P2_HIGH_DENSITY;REVIEW_HIGH_DENSITY_TOP20;REVIEW_SHORT_TOP_LINE,PENDING VISUAL INSPECTION,DO NOT EDIT FROZEN PROSE OR MOVE FIGURE BEFORE ANCHOR,PENDING_VISUAL
159,158-159,16,heading_text_present,REVIEW,REVIEW_SHORT_TOP_LINE,PENDING VISUAL INSPECTION,DO NOT EDIT FROZEN PROSE OR MOVE FIGURE BEFORE ANCHOR,PENDING_VISUAL
160,160-161,16,body,REVIEW,REVIEW_SHORT_TOP_LINE,PENDING VISUAL INSPECTION,DO NOT EDIT FROZEN PROSE OR MOVE FIGURE BEFORE ANCHOR,PENDING_VISUAL
161,160-161,16,heading_text_present,REVIEW,REVIEW_SHORT_TOP_LINE,PENDING VISUAL INSPECTION,DO NOT EDIT FROZEN PROSE OR MOVE FIGURE BEFORE ANCHOR,PENDING_VISUAL
162,162-163,16,body,REVIEW,REVIEW_SHORT_TOP_LINE,PENDING VISUAL INSPECTION,DO NOT EDIT FROZEN PROSE OR MOVE FIGURE BEFORE ANCHOR,PENDING_VISUAL
163,162-163,16,body,REVIEW,P2_HIGH_DENSITY;REVIEW_SHORT_BOTTOM_LINE;REVIEW_SHORT_TOP_LINE,PENDING VISUAL INSPECTION,DO NOT EDIT FROZEN PROSE OR MOVE FIGURE BEFORE ANCHOR,PENDING_VISUAL
164,164-165,16,body,REVIEW,REVIEW_SHORT_BOTTOM_LINE;REVIEW_SHORT_TOP_LINE,PENDING VISUAL INSPECTION,DO NOT EDIT FROZEN PROSE OR MOVE FIGURE BEFORE ANCHOR,PENDING_VISUAL
165,164-165,16,figure_16;heading_text_present,REVIEW,REVIEW_SHORT_TOP_LINE,PENDING VISUAL INSPECTION,DO NOT EDIT FROZEN PROSE OR MOVE FIGURE BEFORE ANCHOR,PENDING_VISUAL
166,166-167,16,chapter16_tail_or_backmatter,REVIEW,REVIEW_LOW_DENSITY_TOP20;REVIEW_SHORT_TOP_LINE,PENDING VISUAL INSPECTION,DO NOT EDIT FROZEN PROSE OR MOVE FIGURE BEFORE ANCHOR,PENDING_VISUAL
167,166-167,16,chapter16_tail_or_backmatter;heading_text_present,REVIEW,REVIEW_SHORT_TOP_LINE,PENDING VISUAL INSPECTION,DO NOT EDIT FROZEN PROSE OR MOVE FIGURE BEFORE ANCHOR,PENDING_VISUAL
168,168-169,16,chapter16_tail_or_backmatter,REVIEW,REVIEW_SHORT_TOP_LINE,PENDING VISUAL INSPECTION,DO NOT EDIT FROZEN PROSE OR MOVE FIGURE BEFORE ANCHOR,PENDING_VISUAL
169,168-169,16,chapter16_tail_or_backmatter,REVIEW,REVIEW_SHORT_BOTTOM_LINE;REVIEW_SHORT_TOP_LINE,PENDING VISUAL INSPECTION,DO NOT EDIT FROZEN PROSE OR MOVE FIGURE BEFORE ANCHOR,PENDING_VISUAL
170,170-171,16,chapter16_tail_or_backmatter,REVIEW,REVIEW_SHORT_BOTTOM_LINE;REVIEW_SHORT_TOP_LINE,PENDING VISUAL INSPECTION,DO NOT EDIT FROZEN PROSE OR MOVE FIGURE BEFORE ANCHOR,PENDING_VISUAL
171,170-171,16,chapter16_tail_or_backmatter,REVIEW,P2_HIGH_DENSITY;REVIEW_HIGH_DENSITY_TOP20;REVIEW_SHORT_BOTTOM_LINE;REVIEW_SHORT_TOP_LINE,PENDING VISUAL INSPECTION,DO NOT EDIT FROZEN PROSE OR MOVE FIGURE BEFORE ANCHOR,PENDING_VISUAL
172,172-173,16,chapter16_tail_or_backmatter,REVIEW,REVIEW_SHORT_BOTTOM_LINE;REVIEW_SHORT_TOP_LINE,PENDING VISUAL INSPECTION,DO NOT EDIT FROZEN PROSE OR MOVE FIGURE BEFORE ANCHOR,PENDING_VISUAL
173,172-173,16,part_candidate;chapter16_tail_or_backmatter;heading_text_present,REVIEW,REVIEW_SHORT_TOP_LINE,PENDING VISUAL INSPECTION,DO NOT EDIT FROZEN PROSE OR MOVE FIGURE BEFORE ANCHOR,PENDING_VISUAL
174,174-175,16,chapter16_tail_or_backmatter,REVIEW,P2_HIGH_DENSITY;REVIEW_HIGH_DENSITY_TOP20;REVIEW_SHORT_TOP_LINE,PENDING VISUAL INSPECTION,DO NOT EDIT FROZEN PROSE OR MOVE FIGURE BEFORE ANCHOR,PENDING_VISUAL
175,174-175,16,chapter16_tail_or_backmatter,REVIEW,REVIEW_SHORT_TOP_LINE,PENDING VISUAL INSPECTION,DO NOT EDIT FROZEN PROSE OR MOVE FIGURE BEFORE ANCHOR,PENDING_VISUAL
176,176-177,16,chapter16_tail_or_backmatter,REVIEW,P2_HIGH_DENSITY;REVIEW_SHORT_BOTTOM_LINE;REVIEW_SHORT_TOP_LINE,PENDING VISUAL INSPECTION,DO NOT EDIT FROZEN PROSE OR MOVE FIGURE BEFORE ANCHOR,PENDING_VISUAL
177,176-177,16,chapter16_tail_or_backmatter;heading_text_present,REVIEW,P2_HIGH_DENSITY;REVIEW_HIGH_DENSITY_TOP20;REVIEW_SHORT_TOP_LINE,PENDING VISUAL INSPECTION,DO NOT EDIT FROZEN PROSE OR MOVE FIGURE BEFORE ANCHOR,PENDING_VISUAL
178,178-179,16,chapter16_tail_or_backmatter;heading_text_present,REVIEW,REVIEW_SHORT_TOP_LINE,PENDING VISUAL INSPECTION,DO NOT EDIT FROZEN PROSE OR MOVE FIGURE BEFORE ANCHOR,PENDING_VISUAL
179,178-179,16,chapter16_tail_or_backmatter,REVIEW,P2_HIGH_DENSITY;REVIEW_HIGH_DENSITY_TOP20;REVIEW_SHORT_TOP_LINE,PENDING VISUAL INSPECTION,DO NOT EDIT FROZEN PROSE OR MOVE FIGURE BEFORE ANCHOR,PENDING_VISUAL
180,180-181,16,chapter16_tail_or_backmatter,REVIEW,REVIEW_LOW_DENSITY_TOP20;REVIEW_SHORT_TOP_LINE,PENDING VISUAL INSPECTION,DO NOT EDIT FROZEN PROSE OR MOVE FIGURE BEFORE ANCHOR,PENDING_VISUAL
